Summary,Issue Type,Description,Priority,Story point estimate,Epic Link,Sprint,Labels
Epic 1 - Customer & Account Management,Epic,"Creation and lifecycle of customers and their accounts, from opening through modification to closure.",Medium,,,,bank-management-system
Epic 2 - Authentication & Access Control,Epic,Establishing who the operator is and what their role permits. A precondition of every other epic.,Medium,,,,bank-management-system
Epic 3 - Core Transactions,Epic,Deposit and withdrawal - the operations the system exists for.,Medium,,,,bank-management-system
Epic 4 - Balance Inquiry & Statements,Epic,Read-only views of an account's current position and its transaction history.,Medium,,,,bank-management-system
Epic 5 - Funds Transfer,Epic,"Moving money between two accounts at the bank, atomically.",Medium,,,,bank-management-system
"Epic 6 - Ledger, Audit & Reporting",Epic,"The append-only record that makes every balance explicable, and the reports drawn from it.",Medium,,,,bank-management-system
Epic 7 - Platform Quality & Security,Epic,"Cross-cutting properties every feature depends on. Three of these must land in Sprint 1, because retrofitting a money type or a crash-safe write path means rewriting the features built on them.",Medium,,,,bank-management-system
1.1 Create Customer Record,Story,"As a Bank Teller,
I want register a customer with their contact and ID details and get a unique customer ID,
So that accounts can be opened against a person rather than a loose name.

Delivers: BMS-F-001
Owner: P1
Acceptance criteria: see the acceptance criterion for each requirement above in docs/SRS.md section 4/5, and the matching TC- id in docs/RTM.md.",High,3,Epic 1 - Customer & Account Management,Sprint 1,P1 sprint1 BMS-F-001
1.2 Open and Look Up Accounts,Story,"As a Bank Teller,
I want open a Savings or Current account for an existing customer and find any account by number or by customer,
So that I can serve someone at the counter without paperwork.

Delivers: BMS-F-002, BMS-F-005
Owner: P1
Acceptance criteria: see the acceptance criterion for each requirement above in docs/SRS.md section 4/5, and the matching TC- id in docs/RTM.md.",High,5,Epic 1 - Customer & Account Management,Sprint 1,P1 sprint1 BMS-F-002 BMS-F-005
1.3 Modify Customer Details,Story,"As a Bank Teller,
I want update a customer's address and phone number with the previous value retained,
So that records stay current and a mistaken edit can still be traced.

Delivers: BMS-F-003
Owner: P1
Acceptance criteria: see the acceptance criterion for each requirement above in docs/SRS.md section 4/5, and the matching TC- id in docs/RTM.md.",Medium,2,Epic 1 - Customer & Account Management,Sprint 4,P1 sprint4 BMS-F-003
1.4 Close a Zero-Balance Account,Story,"As a Bank Manager,
I want close an account that has been emptied and have the system refuse every later transaction on it,
So that a closed account cannot quietly come back to life.

Delivers: BMS-F-004
Owner: P1
Acceptance criteria: see the acceptance criterion for each requirement above in docs/SRS.md section 4/5, and the matching TC- id in docs/RTM.md.",High,3,Epic 1 - Customer & Account Management,Sprint 4,P1 sprint4 BMS-F-004
1.5 Transfer Residual Balance on Closure,Story,"As a Bank Manager,
I want a closure request on an account still holding money to move that residual to a nominated account first,
So that closing an account can never destroy a balance.

Delivers: BMS-F-006
Owner: P1+P2
Acceptance criteria: see the acceptance criterion for each requirement above in docs/SRS.md section 4/5, and the matching TC- id in docs/RTM.md.",Medium,5,Epic 1 - Customer & Account Management,Sprint 4,P1-P2 sprint4 BMS-F-006
2.1 Authenticate Customer and Staff,Story,"As a Customer,
I want sign in with my account number and PIN without the PIN appearing on screen,
So that nobody standing behind me at the counter can read it.

Delivers: BMS-F-010, BMS-F-014
Owner: P1
Acceptance criteria: see the acceptance criterion for each requirement above in docs/SRS.md section 4/5, and the matching TC- id in docs/RTM.md.",High,5,Epic 2 - Authentication & Access Control,Sprint 2,P1 sprint2 BMS-F-010 BMS-F-014
2.2 Lock Account After Failed Attempts,Story,"As a Bank Manager,
I want an account locked after three wrong PINs with the event recorded,
So that a stolen passbook cannot be used to guess a PIN.

Delivers: BMS-F-011
Owner: P1
Acceptance criteria: see the acceptance criterion for each requirement above in docs/SRS.md section 4/5, and the matching TC- id in docs/RTM.md.",High,3,Epic 2 - Authentication & Access Control,Sprint 2,P1 sprint2 BMS-F-011
2.3 Enforce Role-Based Authorisation,Story,"As a Bank Manager,
I want each role restricted to its own operations,
So that a Teller cannot close accounts or read the audit log.

Delivers: BMS-F-012
Owner: P1
Acceptance criteria: see the acceptance criterion for each requirement above in docs/SRS.md section 4/5, and the matching TC- id in docs/RTM.md.",High,5,Epic 2 - Authentication & Access Control,Sprint 2,P1 sprint2 BMS-F-012
2.4 Manager Unlocks a Locked Account,Story,"As a Bank Manager,
I want to unlock an account after verifying the holder,
So that a customer who simply forgot their PIN is not permanently locked out.

Delivers: BMS-F-013
Owner: P1
Acceptance criteria: see the acceptance criterion for each requirement above in docs/SRS.md section 4/5, and the matching TC- id in docs/RTM.md.",Medium,2,Epic 2 - Authentication & Access Control,Sprint 4,P1 sprint4 BMS-F-013
3.1 Deposit into an Account,Story,"As a Customer,
I want my deposit credited to my account and recorded in the ledger,
So that the money is provably mine from the moment it is handed over.

Delivers: BMS-F-020, BMS-F-021, BMS-F-022
Owner: P2
Acceptance criteria: see the acceptance criterion for each requirement above in docs/SRS.md section 4/5, and the matching TC- id in docs/RTM.md.",High,5,Epic 3 - Core Transactions,Sprint 2,P2 sprint2 BMS-F-020 BMS-F-021 BMS-F-022
3.2 Withdraw Within Limits,Story,"As a Customer,
I want to withdraw cash only when my balance and daily limit allow it, with the debit and the ledger entry applied together,
So that a failure part-way through cannot leave my balance and the record disagreeing.

Delivers: BMS-F-030, BMS-F-031
Owner: P2
Acceptance criteria: see the acceptance criterion for each requirement above in docs/SRS.md section 4/5, and the matching TC- id in docs/RTM.md.",High,8,Epic 3 - Core Transactions,Sprint 2,P2 sprint2 BMS-F-030 BMS-F-031
3.3 Enforce Savings Minimum Balance,Story,"As a Bank Manager,
I want Savings withdrawals refused below the minimum balance,
So that the account stays within the product's terms.

Delivers: BMS-F-032
Owner: P2
Acceptance criteria: see the acceptance criterion for each requirement above in docs/SRS.md section 4/5, and the matching TC- id in docs/RTM.md.",High,3,Epic 3 - Core Transactions,Sprint 3,P2 sprint3 BMS-F-032
3.4 Allow Current Account Overdraft,Story,"As a Customer with a Current account,
I want to draw against my sanctioned overdraft,
So that a short-term shortfall does not stop a legitimate payment.

Delivers: BMS-F-033
Owner: P2
Acceptance criteria: see the acceptance criterion for each requirement above in docs/SRS.md section 4/5, and the matching TC- id in docs/RTM.md.",Medium,3,Epic 3 - Core Transactions,Sprint 3,P2 sprint3 BMS-F-033
4.1 Check Current Balance,Story,"As a Customer,
I want to see my current balance,
So that I know what I can spend.

Delivers: BMS-F-040
Owner: P3
Acceptance criteria: see the acceptance criterion for each requirement above in docs/SRS.md section 4/5, and the matching TC- id in docs/RTM.md.",High,2,Epic 4 - Balance Inquiry & Statements,Sprint 3,P3 sprint3 BMS-F-040
4.2 Print a Mini-Statement,Story,"As a Customer,
I want the last ten transactions listed newest first,
So that I can check a recent entry without asking for a full statement.

Delivers: BMS-F-041
Owner: P3
Acceptance criteria: see the acceptance criterion for each requirement above in docs/SRS.md section 4/5, and the matching TC- id in docs/RTM.md.",Medium,3,Epic 4 - Balance Inquiry & Statements,Sprint 3,P3 sprint3 BMS-F-041
4.3 Statement for a Date Range,Story,"As a Customer,
I want a statement between two dates with a closing balance,
So that I can reconcile a period against my own records.

Delivers: BMS-F-042
Owner: P3
Acceptance criteria: see the acceptance criterion for each requirement above in docs/SRS.md section 4/5, and the matching TC- id in docs/RTM.md.",Medium,3,Epic 4 - Balance Inquiry & Statements,Sprint 3,P3 sprint3 BMS-F-042
5.1 Transfer Between Accounts Atomically,Story,"As a Customer,
I want a transfer to either complete on both accounts or on neither,
So that money can never be destroyed or duplicated by a failure between the two halves.

Delivers: BMS-F-050, BMS-F-051
Owner: P2
Acceptance criteria: see the acceptance criterion for each requirement above in docs/SRS.md section 4/5, and the matching TC- id in docs/RTM.md.",High,8,Epic 5 - Funds Transfer,Sprint 3,P2 sprint3 BMS-F-050 BMS-F-051
5.2 Enforce Transfer Ceilings,Story,"As a Bank Manager,
I want per-transaction and daily transfer ceilings enforced,
So that a compromised account cannot be drained in one sitting.

Delivers: BMS-F-052
Owner: P2
Acceptance criteria: see the acceptance criterion for each requirement above in docs/SRS.md section 4/5, and the matching TC- id in docs/RTM.md.",Medium,3,Epic 5 - Funds Transfer,Sprint 3,P2 sprint3 BMS-F-052
6.1 Append-Only Journal and Audit Capture,Story,"As a Bank Manager,
I want every balance change and every privileged action appended to a record the application cannot rewrite,
So that the history of an account cannot be quietly edited.

Delivers: BMS-F-060, BMS-F-063
Owner: P2+P3
Acceptance criteria: see the acceptance criterion for each requirement above in docs/SRS.md section 4/5, and the matching TC- id in docs/RTM.md.",High,5,"Epic 6 - Ledger, Audit & Reporting",Sprint 2,P2-P3 sprint2 BMS-F-060 BMS-F-063
6.2 Reconcile Balances Against the Journal,Story,"As a Bank Manager,
I want a check that every balance equals its opening balance plus its journal entries,
So that tampering with the data files is detected instead of absorbed.

Delivers: BMS-F-061
Owner: P3
Acceptance criteria: see the acceptance criterion for each requirement above in docs/SRS.md section 4/5, and the matching TC- id in docs/RTM.md.",High,5,"Epic 6 - Ledger, Audit & Reporting",Sprint 4,P3 sprint4 BMS-F-061
6.3 Generate End-of-Day Report,Story,"As a Bank Manager,
I want the day's deposits, withdrawals, transfers and closing balances totalled,
So that I can close the branch knowing it reconciles.

Delivers: BMS-F-062
Owner: P3
Acceptance criteria: see the acceptance criterion for each requirement above in docs/SRS.md section 4/5, and the matching TC- id in docs/RTM.md.",Medium,5,"Epic 6 - Ledger, Audit & Reporting",Sprint 4,P3 sprint4 BMS-F-062
6.4 View the Audit Log,Story,"As a Bank Manager,
I want to read the audit log filtered by operator or date,
So that I can investigate a disputed action.

Delivers: BMS-F-064
Owner: P3
Acceptance criteria: see the acceptance criterion for each requirement above in docs/SRS.md section 4/5, and the matching TC- id in docs/RTM.md.",Low,2,"Epic 6 - Ledger, Audit & Reporting",Sprint 4,P3 sprint4 BMS-F-064
7.1 Integer-Paise Money Type with Overflow Checks,Story,"As a developer,
I want all money handled as 64-bit integer paise with overflow checked before every operation,
So that no rounding error or silent wrap can ever alter a balance.

Delivers: BMS-NF-003, BMS-SR-003
Owner: P2
Acceptance criteria: see the acceptance criterion for each requirement above in docs/SRS.md section 4/5, and the matching TC- id in docs/RTM.md.",High,5,Epic 7 - Platform Quality & Security,Sprint 1,P2 sprint1 BMS-NF-003 BMS-SR-003
7.2 Crash-Safe Write-Ahead Journal,Story,"As a Bank Manager,
I want the system to journal an intended change before applying it and recover cleanly on restart,
So that a power cut mid-transaction cannot corrupt the ledger.

Delivers: BMS-NF-002, BMS-SR-005
Owner: P2
Acceptance criteria: see the acceptance criterion for each requirement above in docs/SRS.md section 4/5, and the matching TC- id in docs/RTM.md.",High,8,Epic 7 - Platform Quality & Security,Sprint 1,P2 sprint1 BMS-NF-002 BMS-SR-005
7.3 Salted Credential Hashing and No-Echo Entry,Story,"As a Customer,
I want my PIN stored only as a salted hash and never echoed or logged,
So that someone reading the data files cannot learn it.

Delivers: BMS-SR-001
Owner: P1
Acceptance criteria: see the acceptance criterion for each requirement above in docs/SRS.md section 4/5, and the matching TC- id in docs/RTM.md.",High,5,Epic 7 - Platform Quality & Security,Sprint 1,P1 sprint1 BMS-SR-001
7.4 Input Validation and Bounds-Checked Buffers,Story,"As a developer,
I want every input validated and every buffer bounds-checked,
So that a malformed entry cannot corrupt memory or drive the program into undefined behaviour.

Delivers: BMS-SR-002, BMS-SR-004
Owner: P1
Acceptance criteria: see the acceptance criterion for each requirement above in docs/SRS.md section 4/5, and the matching TC- id in docs/RTM.md.",High,5,Epic 7 - Platform Quality & Security,Sprint 3,P1 sprint3 BMS-SR-002 BMS-SR-004
"7.5 File Permissions, Instance Lock, Service-Layer Role Check",Story,"As a Bank Manager,
I want data files readable only by their owner, a second instance prevented from starting, and role checks enforced in the service layer,
So that access control cannot be bypassed by reaching an operation another way.

Delivers: BMS-SR-006, BMS-SR-007
Owner: P1
Acceptance criteria: see the acceptance criterion for each requirement above in docs/SRS.md section 4/5, and the matching TC- id in docs/RTM.md.",High,5,Epic 7 - Platform Quality & Security,Sprint 3,P1 sprint3 BMS-SR-006 BMS-SR-007
7.6 Portable Warning-Free Build and Layered Modules,Story,"As a developer,
I want a warning-free build on both toolchains and modules testable without the menu layer,
So that defects surface at compile time and in unit tests rather than in a demo.

Delivers: BMS-NF-004, BMS-NF-005, BMS-NF-006
Owner: P3
Acceptance criteria: see the acceptance criterion for each requirement above in docs/SRS.md section 4/5, and the matching TC- id in docs/RTM.md.",Medium,5,Epic 7 - Platform Quality & Security,Sprint 4,P3 sprint4 BMS-NF-004 BMS-NF-005 BMS-NF-006
7.7 Performance and Capacity Benchmark,Story,"As a Bank Manager,
I want the system measured at 10,000 accounts,
So that its stated performance is a measurement rather than a hope.

Delivers: BMS-NF-001, BMS-NF-007
Owner: P3
Acceptance criteria: see the acceptance criterion for each requirement above in docs/SRS.md section 4/5, and the matching TC- id in docs/RTM.md.",Low,5,Epic 7 - Platform Quality & Security,Sprint 4,P3 sprint4 BMS-NF-001 BMS-NF-007
